ar,GTM-W6HJZL
bn,GTM-NQJCSS
ca,GTM-MW2KCX
da,GTM-KFFG2L
de-AT,GTM-5276KB
am,GTM-T2P75B
bg,GTM-PKN5CD
cs,GTM-NPRJZM
es,GTM-K8VMD4
es-AR,GTM-5CQFWT
es-CO,GTM-MQ48W6
es-EC,GTM-KCT67K
es-MX,GTM-THKNGK
es-NI,GTM-PB69PS
es-PA,GTM-WCKXHN
et,GTM-N8TG45
fi,GTM-5T23MM
he,GTM-M4LC3R
ja,GTM-WVTD9B
nl,GTM-PMNCS9
sv,GTM-KKMWZR
de,GTM-5B3XL2
de-CH,GTM-PWCHCZ
el,GTM-K497SL
en,GTM-N5XT2V
en-IN,GTM-5GH4BN
es-BO,GTM-MRHKCZ
es-CL,GTM-P7PSTL
es-DO,GTM-KGS3RB
es-GT,GTM-NNXGKH
es-UY,GTM-WQJ57Z
es-VE,GTM-KB2CXQ
fr-CH,GTM-T7LZTJ
gu,GTM-P9LTD8
hu,GTM-NQWR7G
in,GTM-TB6L7N
it,GTM-P45HPQ
ln,GTM-52VXHS
lt,GTM-T87Z5M
nb,GTM-P5FRWX
no,GTM-WH7KPN
pt,GTM-K79ZX7
pt-BR,GTM-5FT559
ro,GTM-TCDWCS
ru,GTM-MZMFB3
zh-CN,GTM-5RRCJD
zh-HK,GTM-TLGND3
zh-TW,GTM-PC7T7N
en-GB,GTM-5L53GN
en-IE,GTM-T9DN23
es-CR,GTM-WZTZ3T
es-HN,GTM-NV43WF
es-PE,GTM-TD2XGG
es-PR,GTM-PD7LST
es-PY,GTM-WT34TJ
es-SV,GTM-KWPD4V
es-US,GTM-NSFXGP
fr,GTM-PZ7NP5
hr,GTM-WJW9T5
id,GTM-K68J6L
iw,GTM-NW6S3J
kn,GTM-T2DX6R
ko,GTM-MTJ9X8
lv,GTM-KZ5H8Z
mr,GTM-NP9MDN
ms,GTM-5JDW8H
pl,GTM-WNSXW5
pt-PT,GTM-MQCC69
sk,GTM-NM2NWR
sl,GTM-THM2H9
sr,GTM-WCLN3B
sw,GTM-5TFWPR
ta,GTM-PG577Z
te,GTM-WVVP46
tr,GTM-KMN26P
uk,GTM-N785D2
vi,GTM-53QZD7
zh,GTM-TQTTSL
