es-CL,GTM-WCGLKR
es-DO,GTM-KJMLKN
de-CH,GTM-MRTGD2
en,GTM-P7KW8B
en-IE,GTM-W7FNX5
es-AR,GTM-KGLDV3
es-BO,GTM-NNM5DG
es-CR,GTM-5VQXTD
es-GT,GTM-T3V8SP
es-NI,GTM-MH5BTG
es-PE,GTM-PL5Z8C
es-PR,GTM-WQQTTR
hu,GTM-KB8TT4
iw,GTM-NLPXQF
ja,GTM-5MFFFM
am,GTM-T7HCMZ
ar,GTM-P9KFQ7
ca,GTM-TBZBHL
el,GTM-PDQHW4
en-GB,GTM-WTW9KH
en-IN,GTM-KWJPKP
es,GTM-NS4MNB
es-CO,GTM-54SD8V
es-MX,GTM-T43DBW
es-US,GTM-M95TD8
fr,GTM-PZ9R57
fr-CH,GTM-WJXR97
gu,GTM-K6WWQ4
id,GTM-NWZL33
it,GTM-5584G5
bg,GTM-MTX645
bn,GTM-WK65DL
cs,GTM-KZJ4XD
kn,GTM-KM8Q6M
ko,GTM-53SFXJ
ln,GTM-TQ3SXG
lt,GTM-MG5KR7
lv,GTM-PVZKM5
mr,GTM-KDB4VT
ms,GTM-5PQ9HR
nl,GTM-MBX7SD
pt-PT,GTM-NBVD8K
sk,GTM-TZW7X7
sv,GTM-WSDGDK
te,GTM-5DHXCV
tr,GTM-TJWHF4
zh,GTM-K9XP6J
zh-CN,GTM-5Z248Z
zh-HK,GTM-M7X77L
zh-TW,GTM-PF6HDT
es-EC,GTM-KPRPQG
es-HN,GTM-NGRWHF
es-PA,GTM-56PJ5J
es-PY,GTM-TSG8T3
es-SV,GTM-MSX5L2
es-UY,GTM-PH5B7F
es-VE,GTM-W582W6
et,GTM-KQWXST
fi,GTM-N9Z74F
he,GTM-5NML6V
hr,GTM-T6VW7R
in,GTM-MV7HRX
da,GTM-KN9TD4
de,GTM-NDD382
de-AT,GTM-TWW24K
nb,GTM-M68CC2
uk,GTM-K38NNT
vi,GTM-N2853C
no,GTM-MPTNW6
pl,GTM-P6ZP44
pt,GTM-NZSZZ4
pt-BR,GTM-5CTVST
ro,GTM-W8WPRR
ru,GTM-KC9Q38
sl,GTM-5XCTX3
sr,GTM-PBBNPD
sw,GTM-N842R9
ta,GTM-M4M56R
