am,GTM-M5VT6Z
ar,GTM-K273GG
bn,GTM-58ZH59
ca,GTM-P4MNXF
cs,GTM-W9DG2H
da,GTM-N4TFPK
de,GTM-5JGRZ2
el,GTM-TNCSVT
en,GTM-MPS4P7
en-GB,GTM-P6B9ZZ
en-IN,GTM-WNRWMD
es,GTM-NZ3NVW
es-BO,GTM-TPK9RV
es-CR,GTM-PN5XRW
es-DO,GTM-W8VSR2
es-EC,GTM-NMFZNB
es-HN,GTM-5X8J54
es-MX,GTM-MNHCMX
es-PY,GTM-KJX5M3
gu,GTM-TFMHSX
id,GTM-PG2D2J
kn,GTM-N7WTRS
lv,GTM-W3C65P
mr,GTM-NRJKJD
ms,GTM-TTPKNB
nl,GTM-WLZWSL
no,GTM-KLDHJC
ro,GTM-5Q9GF4
sk,GTM-M2SLQL
sr,GTM-P8B3ZF
ta,GTM-NHTN2R
tr,GTM-MF4SST
uk,GTM-P258WJ
vi,GTM-WFVJC8
zh,GTM-N3BRTL
zh-CN,GTM-T5SBBL
bg,GTM-WB7NNM
de-AT,GTM-MXX3FX
de-CH,GTM-WGJH3R
es-AR,GTM-TGW5WD
es-CL,GTM-W78HXQ
es-NI,GTM-5V2GQ2
es-PR,GTM-T3SWKF
es-SV,GTM-MHX95F
es-US,GTM-PLQKZJ
fi,GTM-NLRW8V
fr,GTM-5M5235
fr-CH,GTM-M59M7R
he,GTM-W6LXMH
hr,GTM-K2L7FH
hu,GTM-586G2H
in,GTM-MWXZ27
it,GTM-W983SR
ja,GTM-KF9KM5
ko,GTM-N4L3HK
pt,GTM-NFS4PH
ru,GTM-PJ4JWQ
te,GTM-WMFC36
zh-HK,GTM-M8TZH2
en-IE,GTM-MLMDCG
es-CO,GTM-PQ4B8T
es-GT,GTM-K59TW8
es-PA,GTM-59FQP9
es-PE,GTM-MKTH76
es-UY,GTM-54QVCJ
es-VE,GTM-T4T584
et,GTM-M9PS27
iw,GTM-55H878
ln,GTM-PKGV3D
lt,GTM-WK2DTD
nb,GTM-TNVR56
pl,GTM-K85TJD
pt-BR,GTM-TPQSP4
pt-PT,GTM-PN73RD
sl,GTM-MNZM7P
sv,GTM-KJR52P
sw,GTM-TF2D97
zh-TW,GTM-MGP6HF
